ID,Earnings,WeeksWorked,CumWeeksWorked,Education,IQ,Gender,MSA,Library,Esteem
83,0,3,552.99999976,10,2,Male,Yes,Yes,18
84,0,3,107.000000016,12,9,Male,Yes,Yes,20
87,11500,5,759.0000002,12,5,Male,Yes,Yes,22
105,20501,11,979.00000016,12,84,Female,Yes,Yes,19
178,59000,46,1009.99999984,16,99,Male,No,Yes,24
179,14500,52,956.9999998,12,99,Female,Yes,Yes,27
200,8500,52,712.9999999199998,12,10,Female,Yes,Yes,15
239,0,3,13.0,10,5,Female,No,Yes,17
240,13500,50,869.99999996,12,60,Female,Yes,Yes,25
243,34500,52,1067.00000004,12,45,Male,Yes,Yes,25
245,19100,52,832.0,14,85,Female,Yes,No,19
254,18500,51,859.00000004,12,98,Female,Yes,Yes,28
256,21000,37,816.9999999199998,13,43,Female,Yes,Yes,21
257,15500,50,916.00000024,12,29,Male,Yes,Yes,21
259,20500,51,1040.0,12,59,Male,Yes,Yes,23
260,44000,52,1060.9999998,14,83,Male,Yes,Yes,28
261,33500,52,972.99999992,14,55,Male,Yes,Yes,30
264,36000,44,853.99999984,16,86,Female,Yes,Yes,26
268,15500,3,815.99999988,12,73,Male,Yes,No,27
270,31500,52,1007.99999976,12,81,Male,Yes,Yes,20
272,9000,0,268.00000000800003,16,77,Female,Yes,Yes,26
274,37500,30,889.0000002,13,55,Male,Yes,Yes,24
275,34000,26,957.99999984,14,86,Female,Yes,Yes,30
276,14500,51,968.00000024,12,89,Female,Yes,Yes,21
283,40600,52,897.0,12,40,Male,Yes,Yes,21
285,18500,52,976.00000004,10,92,Female,Yes,Yes,23
287,16500,52,769.0000000800002,12,10,Female,Yes,Yes,22
288,0,3,26.999999988000003,12,10,Female,Yes,Yes,21
289,5668,21,312.999999988,12,3,Female,Yes,Yes,26
291,0,50,556.9999999199998,12,5,Male,Yes,Yes,25
307,22500,49,1036.99999988,12,25,Female,Yes,Yes,19
308,23500,52,881.9999999199998,12,20,Male,Yes,Yes,20
312,24000,52,565.00000024,13,35,Female,Yes,Yes,23
313,26500,52,813.9999998,11,30,Male,Yes,Yes,29
315,6500,3,458.000000016,12,5,Male,Yes,Yes,16
316,18500,17,692.00000012,12,29,Male,Yes,Yes,19
337,3500,3,403.0,12,1,Male,Yes,Yes,19
352,41500,52,976.00000004,12,55,Female,Yes,Yes,26
359,64000,52,782.0000000800002,16,35,Female,Yes,Yes,15
362,19315,3,526.99999976,12,25,Male,Yes,Yes,19
363,0,3,419.000000016,12,50,Female,Yes,Yes,16
364,72000,52,1014.0,16,80,Male,Yes,Yes,17
367,43000,52,937.00000004,16,45,Female,Yes,Yes,25
368,43000,3,606.99999984,17,65,Female,Yes,Yes,19
369,48000,0,814.99999984,16,81,Female,Yes,Yes,23
370,53000,27,824.0000002,16,91,Female,Yes,Yes,27
376,53000,4,630.99999976,16,82,Male,Yes,Yes,29
403,0,3,628.00000016,7,5,Male,Yes,No,18
406,24000,34,864.00000024,14,19,Male,Yes,Yes,23
407,41000,3,835.00000012,16,81,Female,Yes,No,21
410,22100,43,833.00000004,12,80,Male,Yes,No,24
412,32000,52,653.00000012,13,85,Male,No,Yes,20
414,18000,52,684.99999984,14,85,Female,Yes,No,19
417,23500,52,1037.99999992,12,73,Male,Yes,Yes,26
418,17000,31,760.00000024,13,82,Female,Yes,Yes,25
438,22100,52,872.00000004,13,95,Female,Yes,Yes,25
439,52001,52,872.00000004,16,45,Female,Yes,No,24
443,21000,52,725.9999999199998,14,69,Male,Yes,No,27
445,45000,37,661.99999996,16,95,Male,Yes,Yes,30
449,12100,52,1032.0000002,12,48,Female,Yes,Yes,28
450,23500,52,1046.99999976,12,11,Male,Yes,Yes,27
451,28500,52,950.00000004,12,30,Male,Yes,No,21
453,37000,52,1017.00000012,13,58,Male,Yes,Yes,21
470,16500,3,622.99999996,12,10,Male,Yes,No,15
527,35000,52,1056.00000012,13,71,Female,Yes,Yes,25
530,0,3,277.000000004,9,16,Female,Yes,No,19
536,0,46,673.9999999199998,10,10,Female,Yes,No,21
540,26000,42,690.00000004,12,8,Male,Yes,Yes,24
549,19501,52,981.99999976,12,67,Male,Yes,Yes,26
550,19500,52,534.00000004,12,64,Female,Yes,Yes,26
588,0,3,104.999999988,12,1,Female,Yes,No,12
592,17500,52,925.00000008,12,1,Male,No,No,27
606,45000,52,852.9999998,13,70,Male,Yes,Yes,18
609,37000,52,938.00000008,16,5,Female,Yes,Yes,25
611,51500,52,1029.00000008,14,80,Female,Yes,Yes,28
619,11000,39,625.00000004,12,50,Female,Yes,Yes,28
632,0,9,235.999999976,12,19,Female,Yes,Yes,18
640,16500,52,947.99999996,12,68,Female,Yes,Yes,15
641,25500,52,876.0000002,11,17,Male,Yes,Yes,23
655,48000,48,916.00000024,16,60,Female,Yes,Yes,27
658,38500,52,1047.9999998,12,70,Male,Yes,Yes,22
669,23000,52,822.00000012,12,71,Male,Yes,Yes,22
670,52000,52,717.0000000800002,16,62,Female,Yes,Yes,19
685,3600,49,802.99999988,12,21,Male,Yes,No,24
686,55000,42,768.00000004,18,73,Male,Yes,Yes,18
687,24500,52,886.0000000800002,12,31,Male,Yes,Yes,25
688,960,3,291.99999998,14,71,Female,Yes,No,14
690,31000,52,887.00000012,12,42,Male,Yes,No,21
692,24000,52,721.99999976,13,38,Female,Yes,Yes,17
706,13000,3,355.99999999199997,13,53,Female,Yes,No,18
713,2500,3,273.0,12,58,Female,Yes,Yes,18
717,21500,24,924.00000004,12,27,Male,Yes,Yes,17
718,33500,52,968.99999976,12,76,Male,Yes,Yes,30
720,14500,52,899.0000000800002,12,38,Female,Yes,No,30
721,9000,52,775.99999984,13,27,Female,Yes,No,16
746,15000,52,925.00000008,13,75,Female,Yes,No,18
758,4500,40,489.00000000800003,12,91,Female,Yes,Yes,25
762,37500,52,872.00000004,12,25,Male,Yes,Yes,30
763,17500,15,638.00000004,12,29,Male,Yes,Yes,24
774,20000,35,926.00000012,14,38,Male,Yes,Yes,28
775,11400,0,252.99999998,16,65,Female,Yes,Yes,23
779,36000,52,804.99999996,14,40,Female,Yes,Yes,22
825,73000,52,854.99999988,17,64,Male,Yes,Yes,24
874,65000,52,959.99999992,18,99,Male,Yes,Yes,18
886,62722,39,914.00000016,18,99,Female,Yes,Yes,21
900,24000,3,691.0000000800002,15,86,Female,Yes,Yes,19
914,43500,49,1046.00000024,12,74,Female,Yes,Yes,22
915,40000,52,951.00000008,13,91,Female,Yes,Yes,22
916,46001,52,1041.00000004,16,90,Male,Yes,Yes,28
919,15500,52,1034.9999998,12,26,Male,Yes,Yes,20
921,42000,52,858.0,13,17,Male,Yes,Yes,24
923,27500,52,990.00000008,12,29,Female,Yes,Yes,26
932,17500,52,774.9999998,12,13,Female,Yes,Yes,23
935,0,3,618.9999998,12,32,Female,No,Yes,25
937,50000,52,1051.99999996,14,99,Male,Yes,Yes,30
940,14501,52,1033.00000024,12,37,Female,Yes,Yes,21
941,31000,37,990.00000008,13,60,Male,Yes,Yes,20
942,24000,52,1043.00000012,12,51,Female,Yes,Yes,23
956,22000,52,954.0000002,13,38,Male,Yes,Yes,20
962,25000,52,1030.00000012,14,34,Female,Yes,Yes,27
964,22500,4,764.9999999199998,12,32,Female,Yes,Yes,20
967,27500,43,927.00000016,12,75,Female,Yes,Yes,20
969,18500,52,1009.99999984,12,18,Female,Yes,Yes,18
971,28500,50,982.9999998,12,37,Female,Yes,Yes,27
972,14500,52,900.00000012,12,58,Female,Yes,Yes,25
974,55000,52,933.99999992,18,36,Female,Yes,No,22
975,8500,52,803.9999999199998,12,20,Female,Yes,No,17
976,82000,52,955.00000024,18,38,Female,Yes,Yes,25
990,29500,52,988.0,12,38,Male,Yes,Yes,24
998,0,3,410.00000002,12,90,Female,Yes,Yes,25
1011,40500,52,1028.00000004,12,45,Male,Yes,Yes,22
1014,52000,52,730.0000000800002,18,97,Male,Yes,Yes,19
1017,37500,0,562.00000012,16,83,Female,Yes,Yes,20
1022,45000,52,700.99999996,17,6,Female,Yes,No,24
1024,54000,52,706.00000016,16,76,Female,Yes,Yes,20
1030,3000,3,95.99999999200001,10,3,Female,Yes,Yes,20
1036,7500,49,797.00000016,12,10,Female,Yes,Yes,29
1039,35500,52,1011.99999992,15,70,Female,Yes,Yes,22
1050,62000,11,937.00000004,16,84,Female,Yes,No,28
1051,60000,52,758.00000016,18,97,Male,No,Yes,21
1055,41000,52,984.99999988,16,97,Male,No,Yes,30
1058,28500,52,825.00000024,12,49,Male,Yes,Yes,27
1085,20300,3,808.0000000800002,12,40,Male,Yes,No,20
1092,16500,52,751.9999999199998,12,72,Male,Yes,No,25
1094,35500,52,1050.99999992,12,27,Male,Yes,Yes,23
1105,49000,52,926.00000012,16,38,Female,Yes,Yes,26
1108,0,3,582.9999999199998,11,12,Female,Yes,Yes,20
1109,17000,3,458.000000016,13,84,Male,Yes,Yes,17
1141,13100,52,933.99999992,12,1,Female,Yes,Yes,25
1148,11501,52,972.99999992,11,12,Male,Yes,No,22
1151,11500,52,985.99999992,11,12,Male,Yes,No,30
1155,39000,52,981.00000024,14,26,Female,Yes,Yes,25
1176,40000,52,826.9999998,16,87,Male,Yes,No,23
1198,41000,45,964.00000008,14,57,Male,Yes,No,27
1200,15000,23,641.00000016,14,47,Female,Yes,Yes,20
1201,38000,52,825.99999976,15,4,Male,Yes,No,27
1204,15500,3,901.00000016,9,5,Male,Yes,No,30
1205,23500,52,955.00000024,8,70,Male,Yes,No,23
1228,6500,3,803.9999999199998,12,37,Female,Yes,Yes,27
1229,28500,52,942.00000024,12,35,Male,Yes,Yes,24
1231,52000,35,816.9999999199998,19,91,Female,Yes,Yes,20
1239,21929,52,709.9999998,12,79,Male,Yes,No,19
1240,39450,48,859.00000004,16,96,Female,Yes,Yes,29
1243,10000,43,813.9999998,12,31,Male,Yes,No,20
1282,0,3,76.00000002399999,12,52,Male,Yes,Yes,16
1305,32000,17,667.00000016,16,46,Female,Yes,Yes,18
1314,0,16,432.000000016,11,36,Male,Yes,No,20
1356,29000,19,749.99999984,16,96,Female,Yes,Yes,18
1357,35500,52,1030.00000012,12,2,Male,Yes,Yes,22
1362,63479,52,952.00000012,16,99,Female,Yes,Yes,25
1366,26501,52,1046.99999976,12,24,Female,Yes,Yes,16
1368,38000,52,832.0,16,97,Male,Yes,Yes,21
1372,44000,44,1003.00000008,16,55,Male,Yes,Yes,21
1374,39000,24,741.0,16,60,Female,Yes,Yes,21
1396,27500,52,955.00000024,12,40,Male,Yes,Yes,20
1397,28000,52,1062.99999988,12,14,Male,Yes,No,19
1399,29800,52,1037.99999992,14,55,Female,Yes,No,18
1435,6500,51,861.00000012,12,20,Female,Yes,Yes,23
1439,0,3,290.00000000400007,14,27,Female,Yes,Yes,18
1458,13500,52,1025.99999996,12,7,Male,Yes,Yes,30
1462,15500,15,708.00000024,12,73,Male,Yes,Yes,23
1477,36000,52,700.99999996,16,51,Male,Yes,Yes,26
1479,68000,52,950.00000004,18,75,Male,Yes,Yes,30
1480,11500,20,762.99999984,12,28,Male,Yes,No,23
1481,67000,44,945.99999988,16,29,Male,Yes,No,29
1482,25000,31,941.0000002,13,8,Female,Yes,Yes,19
1486,31500,52,1023.99999988,12,27,Male,Yes,No,21
1492,26000,52,1009.99999984,14,44,Male,Yes,Yes,23
1505,32000,52,812.00000024,15,43,Male,Yes,Yes,25
1507,10500,17,836.00000016,12,66,Female,Yes,Yes,22
1512,60,3,482.99999997599997,15,89,Female,Yes,Yes,30
1513,11500,52,886.0000000800002,12,34,Male,Yes,Yes,24
1514,33000,52,1072.00000024,12,27,Female,Yes,No,21
1520,16500,52,1072.00000024,12,11,Male,Yes,No,16
1532,4500,3,682.00000024,12,52,Female,Yes,Yes,26
1534,23500,48,1022.99999984,12,19,Female,Yes,Yes,25
1547,25500,40,972.99999992,11,40,Male,Yes,No,22
1549,0,3,407.00000000400007,12,64,Female,Yes,Yes,19
1553,17500,51,1007.00000024,12,86,Female,No,Yes,28
1566,3501,3,372.00000000800003,12,9,Female,Yes,No,22
1586,18500,52,800.9999998,12,69,Female,Yes,No,21
1588,40000,52,846.00000004,16,92,Male,Yes,Yes,25
1590,15500,52,674.99999996,12,21,Male,Yes,No,24
1591,12500,52,715.0,12,57,Male,Yes,No,26
1593,2000,37,680.00000016,12,62,Female,Yes,Yes,22
1595,18501,22,617.00000024,12,81,Male,Yes,Yes,29
1596,0,3,65.999999988,11,45,Female,Yes,Yes,19
1599,9500,52,968.00000024,12,80,Female,Yes,Yes,26
1605,23500,49,960.99999996,12,48,Female,Yes,Yes,15
1616,35000,52,875.00000016,14,91,Female,Yes,Yes,23
1621,35000,46,601.00000012,16,99,Female,Yes,Yes,27
1626,56500,52,851.99999976,16,93,Male,Yes,Yes,24
1627,13500,22,637.0,12,45,Male,Yes,Yes,21
1628,36000,52,1030.00000012,15,69,Male,Yes,Yes,28
1629,40300,52,957.99999984,12,80,Female,Yes,Yes,24
1634,58000,52,1007.00000024,16,85,Female,Yes,Yes,25
1635,15500,52,1067.00000004,12,55,Male,Yes,Yes,19
1636,35500,52,1059.00000024,12,51,Male,Yes,Yes,22
1652,10000,52,523.00000012,13,94,Female,Yes,Yes,23
1654,27500,3,904.9999998,11,69,Male,Yes,Yes,24
1657,1,3,507.999999988,14,92,Female,Yes,Yes,28
1658,15156,3,613.0000000800002,15,90,Female,Yes,Yes,29
1659,38000,43,903.99999976,14,61,Male,Yes,Yes,24
1664,13500,52,905.99999984,12,8,Male,Yes,Yes,17
1675,86000,52,1032.0000002,18,65,Female,Yes,Yes,19
1687,0,3,112.999999996,10,29,Male,Yes,Yes,19
1722,0,3,451.999999984,13,18,Female,Yes,Yes,29
1730,42000,23,915.0000002,16,47,Female,Yes,Yes,24
1766,64000,52,899.0000000800002,16,75,Female,Yes,Yes,22
1772,0,3,202.00000002,12,2,Male,Yes,No,18
1817,23500,52,551.0000002,12,54,Male,Yes,Yes,25
1819,23000,52,1025.99999996,15,50,Male,Yes,Yes,26
1836,40000,52,797.00000016,13,56,Male,Yes,Yes,27
1848,16000,52,979.00000016,13,35,Female,Yes,Yes,24
1858,66000,52,972.99999992,18,75,Female,Yes,Yes,26
1867,35500,52,817.99999996,12,96,Male,No,No,20
1886,83000,52,1007.99999976,18,1,Female,Yes,Yes,30
1891,13100,44,1020.00000024,12,32,Male,No,Yes,20
1902,32678,52,933.99999992,12,62,Female,No,Yes,17
1904,15500,52,486.99999998,12,87,Female,No,No,17
1905,33500,40,669.00000024,12,83,Female,No,No,22
1916,70650,43,835.00000012,19,87,Male,Yes,Yes,30
1917,29500,52,992.00000016,12,5,Male,Yes,Yes,18
1919,28000,43,828.99999988,14,50,Male,Yes,Yes,26
1921,26000,32,903.99999976,13,50,Female,Yes,Yes,26
1965,13500,52,872.00000004,12,75,Female,Yes,Yes,26
1971,29000,52,890.00000024,12,69,Male,Yes,Yes,18
1972,28000,52,656.99999976,16,61,Female,Yes,Yes,19
1976,24000,22,494.999999988,15,50,Female,Yes,No,26
1980,0,3,394.99999999199997,12,87,Female,No,Yes,20
1985,15875,52,914.00000016,12,51,Female,No,Yes,20
1987,13500,48,854.99999988,12,17,Male,No,Yes,23
1988,23500,52,906.99999988,12,5,Male,Yes,Yes,21
1993,0,3,83.99999998,12,66,Female,No,Yes,24
1996,13500,52,772.0000002,12,60,Male,No,Yes,29
2008,11000,20,510.000000016,14,68,Female,No,Yes,17
2011,12000,30,877.00000024,12,60,Female,No,No,19
2012,18500,39,802.99999988,12,64,Female,No,Yes,28
2013,222,16,566.9999998,12,94,Female,No,Yes,29
2014,15500,52,915.0000002,12,25,Male,No,Yes,21
2018,16500,52,1053.0,12,40,Male,No,Yes,23
2022,31501,36,879.99999984,12,62,Male,Yes,No,26
2024,39000,52,822.00000012,15,87,Male,Yes,Yes,22
2026,34500,37,747.99999976,13,62,Male,No,No,17
2034,29000,40,539.99999976,16,50,Male,No,Yes,22
2051,11251,52,879.99999984,11,68,Male,No,Yes,16
2055,19897,38,799.99999976,12,45,Male,Yes,Yes,22
2058,3662,3,744.00000012,12,65,Female,Yes,Yes,19
2059,11500,29,350.000000012,12,5,Male,Yes,Yes,22
2060,20000,9,433.99999999199997,13,25,Male,Yes,Yes,19
2062,38000,52,939.00000012,15,55,Female,Yes,Yes,18
2063,18703,52,781.00000004,12,90,Female,Yes,Yes,29
2066,17500,7,799.99999976,12,40,Female,Yes,Yes,21
2067,31500,52,968.99999976,12,30,Male,Yes,Yes,15
2070,3714,21,730.0000000800002,12,25,Female,Yes,Yes,28
2080,500,3,541.99999984,12,65,Male,Yes,Yes,22
2082,5400,52,914.00000016,12,85,Female,Yes,Yes,16
2085,22500,52,872.00000004,12,70,Male,Yes,Yes,18
2090,21500,31,793.0,10,3,Male,Yes,Yes,19
2091,13500,52,569.9999999199998,9,10,Male,Yes,Yes,19
2094,21500,52,718.00000012,10,27,Female,Yes,Yes,19
2096,54000,52,949.0,16,5,Male,Yes,Yes,30
2106,28500,52,1040.0,12,40,Male,Yes,No,20
2107,40000,52,1015.00000004,14,65,Male,Yes,No,21
2129,7800,7,591.00000024,12,30,Female,No,No,22
2132,40000,52,861.00000012,14,61,Female,No,No,21
2169,27500,52,747.00000024,12,60,Male,Yes,No,28
2170,28749,52,412.9999999840001,16,1,Male,Yes,No,20
2171,32000,52,903.99999976,16,1,Male,No,No,30
2173,30500,52,1063.99999992,12,65,Male,No,Yes,28
2174,10500,3,615.00000016,12,24,Female,Yes,Yes,20
2180,23500,52,1015.00000004,12,10,Male,Yes,No,21
2183,48000,52,1040.0,14,76,Male,Yes,No,24
2188,45000,52,967.0000002,14,16,Male,Yes,Yes,17
2190,15000,52,880.99999988,13,5,Female,No,Yes,27
2204,19250,34,900.00000012,15,60,Female,No,Yes,27
2205,18900,52,1059.99999976,14,48,Female,No,Yes,21
2208,17500,40,882.99999996,12,3,Male,Yes,No,20
2210,8500,52,680.00000016,12,10,Female,No,Yes,22
2212,8500,52,756.0000000800002,12,75,Female,No,Yes,16
2215,15500,52,1001.0,12,88,Female,No,Yes,23
2218,51000,52,871.0,16,75,Male,Yes,Yes,24
2220,47000,44,970.99999984,16,77,Male,Yes,Yes,22
2250,15500,52,696.9999998,12,21,Female,No,Yes,18
2251,12500,52,814.99999984,12,9,Female,No,No,18
2275,7500,43,815.99999988,12,57,Female,Yes,Yes,19
2277,60500,52,898.00000004,16,79,Male,Yes,Yes,18
2278,35000,52,712.9999999199998,15,96,Female,Yes,Yes,30
2281,10500,3,122.99999998,12,17,Female,Yes,No,22
2284,26000,52,888.00000016,13,97,Female,Yes,Yes,16
2296,66000,47,809.00000012,17,33,Female,Yes,Yes,19
2315,10000,3,333.99999999599993,13,28,Female,Yes,No,19
2394,0,3,126.999999984,12,82,Female,Yes,Yes,19
2398,0,3,99.00000000799999,10,20,Female,Yes,Yes,22
2413,28500,52,1060.9999998,12,23,Male,Yes,Yes,22
2421,23500,52,1064.99999996,12,35,Male,No,No,27
2425,35500,47,943.9999998,12,90,Male,No,No,23
2434,14500,52,644.9999998,12,99,Female,No,Yes,23
2435,18500,52,976.00000004,12,99,Female,No,Yes,26
2436,11500,4,981.00000024,12,99,Female,No,Yes,26
2438,59001,52,899.0000000800002,16,99,Male,Yes,Yes,27
2439,29500,52,994.99999976,12,99,Male,No,No,22
2447,31700,52,743.0000000800002,13,31,Female,No,Yes,24
2473,20250,52,908.99999996,12,77,Female,Yes,Yes,24
2486,0,3,191.99999998400003,12,5,Male,Yes,Yes,21
2487,0,3,17.999999992,12,40,Male,Yes,Yes,20
2489,20000,52,876.0000002,13,70,Male,Yes,Yes,27
2490,44001,52,784.00000016,16,29,Male,No,Yes,28
2501,8240,13,580.99999984,12,32,Female,No,Yes,18
2506,27500,52,867.99999988,12,55,Male,Yes,Yes,24
2507,13500,43,900.00000012,12,46,Female,No,Yes,17
2509,48000,52,997.99999988,15,73,Male,Yes,Yes,26
2510,10000,3,495.99999997599997,14,81,Female,Yes,Yes,15
2513,15100,46,771.00000016,12,62,Male,No,Yes,25
2516,23500,52,1018.00000016,12,77,Male,No,Yes,23
2517,27500,52,601.00000012,12,87,Male,Yes,Yes,25
2520,73000,51,796.00000012,18,98,Male,No,Yes,30
2521,0,15,626.0000000800002,12,35,Female,No,Yes,23
2522,38500,52,1029.00000008,12,56,Male,No,No,29
2523,8500,52,611.0,13,95,Female,No,Yes,28
2530,0,27,447.99999998,12,4,Female,No,No,15
2532,55000,52,1007.99999976,16,72,Male,No,Yes,26
2533,29000,0,534.00000004,16,84,Female,No,Yes,22
2536,2500,3,493.000000012,15,58,Female,No,No,18
2539,14500,52,990.00000008,12,24,Male,Yes,No,24
2541,33500,30,728.0,12,93,Male,No,Yes,30
2548,28500,52,1049.99999988,12,16,Male,No,No,21
2550,38900,44,963.00000004,16,42,Male,No,No,26
2551,40561,52,947.99999996,16,96,Female,Yes,No,19
2556,5301,3,514.00000002,12,62,Female,Yes,Yes,23
2559,22000,52,424.00000000800003,14,86,Female,No,Yes,20
2563,17160,3,608.9999999199998,13,76,Male,Yes,Yes,23
2564,8500,7,351.0,12,69,Female,Yes,Yes,14
2566,19000,52,975.0,13,66,Female,Yes,No,22
2567,44000,44,786.00000024,16,97,Female,Yes,No,24
2570,44000,52,854.99999988,16,95,Female,Yes,Yes,17
2571,26000,52,944.99999984,15,82,Male,Yes,Yes,15
2572,67000,52,904.9999998,16,62,Male,Yes,Yes,28
2574,23500,52,848.00000012,12,40,Male,No,No,20
2577,25500,52,807.00000004,12,18,Female,Yes,Yes,18
2579,15500,52,902.0000002,12,82,Male,No,Yes,18
2582,13500,41,762.99999984,12,10,Male,No,No,22
2585,21000,27,820.00000004,13,33,Female,No,No,20
2588,47000,52,713.99999996,16,92,Female,Yes,Yes,25
2590,59001,52,914.00000016,16,62,Female,Yes,No,16
2591,4500,52,861.00000012,12,21,Female,No,No,13
2592,14100,52,721.99999976,12,32,Female,No,No,21
2594,20500,43,811.0000002,12,48,Male,No,No,20
2603,49639,52,639.0000000800002,19,78,Female,Yes,No,29
2605,38500,48,840.99999984,12,27,Female,Yes,Yes,21
2606,41000,16,767.0,16,79,Female,No,No,16
2607,38100,52,825.00000024,16,99,Female,No,Yes,27
2610,57,30,658.99999984,12,93,Male,No,No,20
2611,59000,52,903.99999976,16,38,Male,No,No,26
2620,34000,52,1009.99999984,14,43,Male,No,Yes,23
2621,27000,27,773.00000024,14,52,Male,No,No,17
2623,0,3,417.99999997599997,12,29,Female,No,No,20
2631,27000,47,679.00000012,13,57,Male,No,Yes,18
2637,71000,52,1041.00000004,16,77,Male,No,Yes,14
2638,45000,52,937.00000004,16,52,Female,Yes,Yes,19
2642,51000,52,897.0,16,69,Male,Yes,Yes,27
2645,19000,19,747.99999976,13,31,Female,No,No,15
2647,22001,52,894.9999999199998,14,39,Male,No,No,20
2648,47700,52,692.00000012,18,54,Female,Yes,No,16
2650,5200,50,773.00000024,12,44,Male,Yes,Yes,21
2654,14500,52,874.00000012,12,13,Female,Yes,No,17
2690,8500,22,775.99999984,12,13,Female,Yes,No,26
2691,9000,52,698.99999988,13,23,Female,No,No,22
2692,1500,52,467.000000012,12,1,Female,Yes,Yes,19
2693,3500,3,506.000000012,12,19,Male,Yes,Yes,21
2694,25000,32,934.99999996,15,30,Male,Yes,Yes,29
2695,73000,52,757.00000012,18,49,Female,Yes,Yes,18
2696,35000,52,876.0000002,14,34,Male,No,Yes,19
2699,18500,6,642.0000002,12,3,Female,Yes,No,18
2701,63000,52,939.00000012,16,31,Female,Yes,Yes,22
2706,13000,32,654.00000016,12,28,Female,Yes,No,15
2708,12500,52,842.9999999199998,12,21,Male,Yes,No,17
2720,0,3,176.00000002000004,7,2,Female,No,No,20
2773,19000,51,926.00000012,14,24,Male,Yes,No,26
2774,30001,52,991.00000012,14,94,Male,No,No,22
2775,9500,51,731.00000012,12,76,Female,No,No,24
2776,32000,52,656.99999976,14,82,Male,No,No,28
2790,6000,3,193.000000024,13,1,Female,Yes,No,19
2792,8800,52,578.00000024,12,3,Female,No,No,16
2805,35000,49,656.00000024,14,17,Male,Yes,No,26
2807,20500,52,827.99999984,11,16,Male,No,No,21
2815,22500,52,806.0,13,35,Male,No,No,25
2834,17000,52,1029.00000008,13,70,Female,Yes,Yes,17
2922,23500,52,929.99999976,12,31,Male,Yes,Yes,28
2929,19000,32,858.0,13,90,Female,Yes,Yes,25
2944,13500,34,806.0,12,80,Male,Yes,Yes,22
2950,54000,29,887.00000012,16,57,Male,Yes,Yes,20
2952,26600,52,958.99999988,13,71,Female,Yes,Yes,29
2953,35500,52,942.99999976,10,23,Male,Yes,Yes,19
2957,57000,48,804.99999996,20,69,Male,Yes,Yes,20
2961,66000,52,993.0000002,18,77,Female,Yes,Yes,22
2964,64001,52,1027.0,16,81,Female,Yes,Yes,27
2974,28500,52,941.0000002,10,22,Male,Yes,No,18
2990,33500,33,864.99999976,12,70,Female,Yes,Yes,23
2991,49000,52,998.99999992,16,80,Female,Yes,Yes,26
2993,13500,47,703.00000004,12,53,Female,Yes,Yes,21
2995,1500,48,641.00000016,12,37,Female,Yes,Yes,24
2996,30000,36,968.99999976,14,75,Male,Yes,Yes,25
2997,40000,52,1050.99999992,12,95,Male,Yes,Yes,28
2998,23500,52,949.0,12,90,Male,Yes,Yes,30
3025,6480,3,475.00000002,14,91,Female,Yes,Yes,24
3056,33400,45,734.99999976,12,77,Male,Yes,Yes,26
3058,23000,49,955.99999976,12,89,Female,Yes,Yes,17
3061,46000,51,951.00000008,16,43,Female,Yes,Yes,27
3077,29500,13,958.99999988,12,29,Male,Yes,Yes,20
3089,15000,36,897.0,15,99,Male,Yes,Yes,20
3091,30000,52,673.9999999199998,14,99,Female,Yes,No,27
3093,0,3,407.00000000400007,12,99,Female,Yes,No,19
3094,0,3,164.999999996,12,98,Female,Yes,No,19
3113,28500,52,953.00000016,12,20,Female,Yes,No,21
3117,49049,52,980.0000002,14,55,Female,Yes,Yes,28
3118,25500,52,882.99999996,12,50,Female,Yes,No,20
3134,18500,44,989.00000004,12,19,Female,Yes,Yes,21
3155,9000,3,576.00000016,13,50,Female,Yes,Yes,26
3190,5500,11,455.999999988,12,3,Female,Yes,Yes,28
3191,26000,44,786.99999976,14,25,Female,Yes,Yes,24
3193,43500,52,1019.0000002,12,65,Male,Yes,Yes,22
3195,30500,52,1010.99999988,12,83,Male,Yes,Yes,19
3196,47500,52,1060.9999998,12,60,Male,Yes,Yes,26
3197,10500,47,664.00000004,12,35,Female,Yes,Yes,25
3199,25500,52,1007.00000024,12,15,Female,Yes,Yes,23
3201,25000,52,728.0,13,86,Female,Yes,Yes,26
3203,18500,30,898.00000004,12,33,Male,Yes,Yes,28
3206,37500,52,884.0,12,73,Female,Yes,Yes,18
3221,39501,46,824.0000002,12,86,Female,Yes,Yes,17
3223,60795,51,768.00000004,17,94,Female,Yes,No,21
3225,0,3,290.00000000400007,14,92,Female,Yes,Yes,28
3228,39000,43,856.99999996,16,60,Male,Yes,Yes,30
3232,30000,52,1010.99999988,14,45,Male,Yes,No,24
3234,30000,52,977.00000008,15,45,Female,Yes,No,18
3235,13500,52,1043.00000012,12,77,Male,Yes,No,20
3236,11500,52,847.0000000800002,12,50,Female,Yes,Yes,17
3281,27500,52,812.00000024,13,60,Male,Yes,No,29
3282,50000,52,1020.00000024,13,37,Male,Yes,Yes,23
3306,0,3,308.99999998400006,12,22,Female,Yes,No,23
3307,25000,3,926.00000012,15,32,Male,Yes,Yes,30
3308,23452,52,771.00000016,14,73,Female,Yes,Yes,30
3333,32900,52,949.0,12,39,Male,Yes,No,20
3341,48000,51,783.00000012,18,50,Female,Yes,Yes,25
3342,39000,52,893.99999988,16,10,Female,Yes,Yes,26
3348,0,3,446.000000004,12,20,Female,Yes,No,17
3349,18500,52,936.0,12,30,Female,Yes,No,19
3350,12500,3,825.99999976,14,55,Female,Yes,Yes,22
3351,0,3,303.999999992,15,70,Male,Yes,Yes,22
3352,41000,45,954.0000002,16,80,Female,Yes,Yes,22
3353,26500,52,981.99999976,12,40,Male,Yes,Yes,26
3354,30000,3,655.0000002,13,40,Male,Yes,Yes,25
3355,18000,3,660.9999999199998,14,84,Female,Yes,Yes,26
3359,38000,52,823.00000016,14,40,Male,Yes,Yes,23
3364,28000,52,1032.0000002,14,75,Female,Yes,No,22
3385,38000,3,782.0000000800002,13,73,Male,Yes,No,20
3402,43500,52,983.99999984,16,71,Female,Yes,No,17
3421,45000,52,976.00000004,13,65,Female,Yes,Yes,20
3422,72000,52,939.00000012,17,90,Female,Yes,Yes,18
3424,30100,52,943.9999998,14,60,Female,Yes,Yes,28
3429,9000,0,226.99999998,16,98,Female,Yes,Yes,20
3430,9000,0,216.99999999599999,16,99,Female,Yes,Yes,19
3432,28800,52,867.99999988,13,97,Female,Yes,Yes,18
3452,0,3,608.9999999199998,12,97,Female,Yes,Yes,20
3486,27000,45,903.99999976,14,93,Female,Yes,Yes,29
3487,15500,52,872.00000004,12,99,Female,Yes,Yes,22
3496,26000,3,809.00000012,14,43,Female,Yes,Yes,18
3507,46000,52,865.9999998,14,85,Male,Yes,No,26
3508,13500,52,962.0,12,29,Female,Yes,Yes,20
3532,0,3,144.999999976,12,40,Female,Yes,No,27
3535,71000,52,953.00000016,19,60,Female,Yes,No,29
3538,21400,40,1033.00000024,12,99,Male,Yes,Yes,25
3547,30000,52,1014.0,14,98,Female,Yes,Yes,26
3554,25500,52,801.99999984,10,66,Female,Yes,Yes,20
3561,29500,46,713.99999996,12,49,Male,Yes,No,16
3580,25500,52,1045.0000002,12,68,Male,Yes,No,20
3601,21000,44,609.99999996,13,78,Female,Yes,Yes,28
3606,12000,40,799.00000024,13,68,Female,Yes,Yes,19
3608,55500,52,1017.00000012,16,93,Male,Yes,Yes,20
3609,19000,45,666.00000012,14,60,Female,Yes,Yes,19
3610,0,3,687.99999996,12,57,Female,Yes,Yes,24
3611,21500,5,890.00000024,12,99,Female,Yes,Yes,22
3612,11500,52,601.00000012,12,44,Male,Yes,Yes,19
3626,39000,41,880.99999988,16,35,Female,No,Yes,18
3630,24800,52,835.00000012,15,98,Female,Yes,Yes,21
3633,9500,30,282.99999998400006,12,99,Female,Yes,No,18
3635,14500,15,595.9999999199998,12,99,Female,Yes,Yes,20
3663,54000,30,842.9999999199998,17,82,Female,Yes,Yes,22
3667,0,3,583.99999996,14,69,Female,Yes,Yes,19
3676,64000,52,1029.00000008,16,82,Male,Yes,Yes,17
3679,42000,52,954.0000002,14,66,Female,Yes,Yes,24
3680,64001,41,789.99999988,16,76,Male,Yes,No,12
3700,15500,51,827.99999984,12,37,Male,Yes,Yes,27
3705,16500,52,758.00000016,12,83,Female,Yes,Yes,18
3706,41300,52,1023.99999988,13,44,Male,Yes,Yes,27
3712,48632,37,860.0000000800002,16,81,Male,Yes,Yes,17
3713,11300,37,816.9999999199998,12,49,Male,No,Yes,22
3714,8000,36,588.00000012,14,44,Female,No,Yes,14
3718,20000,52,889.0000002,15,48,Female,Yes,No,17
3723,21500,46,656.00000024,12,43,Male,Yes,Yes,22
3725,41000,52,1071.0000002,13,51,Female,Yes,Yes,19
3726,23500,45,858.0,10,82,Female,Yes,Yes,19
3730,19500,52,1046.00000024,14,76,Female,No,No,25
3736,34700,30,970.99999984,12,78,Female,Yes,No,23
3737,33500,52,936.0,12,70,Female,Yes,Yes,25
3741,5500,43,921.99999996,12,32,Female,Yes,Yes,18
3744,37500,52,1032.0000002,13,74,Female,Yes,Yes,28
3749,0,3,226.99999998,12,10,Female,Yes,Yes,14
3751,27500,52,944.99999984,12,88,Male,Yes,Yes,24
3754,16605,52,930.9999998,12,81,Female,Yes,Yes,24
3756,27000,52,643.00000024,12,55,Female,Yes,No,24
3757,78000,52,851.99999976,18,94,Male,Yes,Yes,20
3760,29500,45,835.00000012,12,45,Male,No,Yes,22
3765,35500,52,933.99999992,12,58,Male,Yes,No,22
3772,0,3,669.99999976,12,42,Female,Yes,Yes,26
3777,28500,52,1054.00000004,12,92,Male,Yes,No,20
3781,57000,18,901.00000016,16,69,Female,Yes,Yes,18
3784,7500,33,739.99999996,12,77,Female,Yes,Yes,20
3802,14200,52,1003.00000008,13,70,Female,Yes,Yes,27
3814,13500,46,806.0,12,70,Female,Yes,Yes,25
3830,19500,30,856.99999996,12,54,Male,Yes,Yes,22
3832,28500,8,895.99999996,12,52,Female,Yes,Yes,20
3836,88000,49,981.00000024,19,96,Female,Yes,Yes,17
3837,18500,52,573.00000004,12,91,Female,Yes,Yes,19
3844,30000,52,1027.0,14,91,Male,Yes,No,19
3845,4000,44,730.0000000800002,12,33,Male,Yes,Yes,23
3849,34500,52,1018.00000016,12,45,Female,Yes,Yes,22
3850,20900,52,1048.99999984,12,50,Female,Yes,Yes,25
3851,10500,37,993.0000002,12,71,Female,Yes,Yes,20
3853,0,3,477.999999984,13,86,Female,Yes,Yes,19
3857,59000,52,957.99999984,16,92,Male,Yes,Yes,18
3861,41000,23,876.0000002,16,84,Male,Yes,Yes,24
3866,60000,52,997.99999988,18,81,Male,Yes,Yes,27
3868,47000,52,681.0000002,18,81,Male,Yes,Yes,23
3883,36000,35,814.99999984,15,27,Male,Yes,Yes,30
3886,75000,52,904.9999998,17,99,Male,Yes,Yes,20
3891,26000,52,1001.0,13,38,Female,Yes,Yes,16
3892,52001,52,903.00000024,16,94,Male,Yes,Yes,21
3899,16000,3,848.00000012,14,97,Female,Yes,Yes,25
3900,13500,40,910.0,12,30,Female,Yes,Yes,16
3901,34000,52,829.9999999199998,15,88,Male,Yes,Yes,20
3902,57001,52,711.99999988,16,99,Male,Yes,Yes,29
3903,66001,52,965.00000012,17,75,Female,Yes,Yes,19
3904,53001,52,659.99999988,18,70,Male,Yes,Yes,27
3907,51000,52,1023.99999988,13,55,Male,Yes,Yes,29
3910,47000,52,624.0,16,75,Male,Yes,Yes,19
3919,36000,3,665.0000000800002,14,87,Female,Yes,Yes,23
3920,13500,25,911.00000004,12,68,Male,No,Yes,20
3921,27000,3,669.00000024,14,80,Female,Yes,Yes,22
3925,58000,52,900.00000012,17,57,Male,Yes,Yes,16
3927,16870,44,990.00000008,12,54,Female,Yes,No,19
3930,10500,52,933.99999992,12,31,Male,Yes,Yes,18
3960,15000,3,561.0000000800002,14,5,Female,Yes,Yes,27
3977,0,3,173.00000000400001,12,5,Female,Yes,Yes,22
3987,13500,52,899.0000000800002,12,1,Male,Yes,No,23
3991,0,3,250.00000001599997,9,4,Female,Yes,Yes,23
3992,32000,52,1066.0,13,99,Female,Yes,Yes,23
3995,10500,41,671.99999984,12,39,Female,Yes,Yes,26
3999,21500,52,941.0000002,11,38,Male,Yes,Yes,22
4001,3000,3,440.00000002400003,13,68,Female,Yes,Yes,24
4002,34000,19,695.00000024,16,48,Female,Yes,Yes,22
4004,25500,52,1067.00000004,12,99,Male,Yes,No,28
4008,45000,52,978.00000012,13,99,Male,Yes,Yes,23
4015,18500,52,873.0000000800002,13,23,Female,Yes,No,24
4020,0,3,525.0000002,12,10,Male,Yes,Yes,21
4028,21500,20,544.99999996,12,23,Female,Yes,Yes,16
4033,27615,52,939.00000012,15,94,Female,Yes,Yes,18
4035,19000,21,924.00000004,13,74,Female,Yes,Yes,19
4037,18000,23,672.99999988,14,77,Female,Yes,Yes,25
4047,7500,35,749.99999984,9,12,Male,Yes,Yes,18
4052,26000,3,773.99999976,13,64,Male,Yes,No,19
4057,35000,0,463.00000000800003,16,67,Female,Yes,No,17
4060,45000,52,927.00000016,14,75,Female,Yes,Yes,25
4061,17181,52,849.00000016,12,55,Male,Yes,Yes,19
4062,25500,50,846.00000004,12,72,Male,Yes,Yes,20
4066,0,3,113.999999984,12,99,Female,Yes,Yes,27
4068,9500,37,631.9999998,8,12,Male,Yes,Yes,21
4072,1500,3,530.9999999199998,12,82,Male,Yes,No,24
4089,500,32,550.00000016,12,16,Female,Yes,Yes,22
4093,54000,52,424.999999996,18,76,Female,Yes,No,18
4129,21000,52,826.9999998,14,40,Male,Yes,Yes,19
4177,0,8,215.00000002,7,13,Female,Yes,Yes,18
4181,9500,52,754.0,11,21,Male,Yes,No,20
4186,41000,52,919.99999988,16,85,Female,Yes,Yes,27
4187,6500,11,858.0,12,80,Female,Yes,Yes,21
4188,6500,35,773.99999976,12,50,Female,Yes,Yes,25
4191,68400,52,875.00000016,18,96,Male,Yes,Yes,24
4228,25000,11,580.99999984,13,24,Female,No,Yes,20
4232,46000,34,397.00000002,17,64,Female,Yes,Yes,28
4242,26745,52,869.99999996,12,24,Male,Yes,No,22
4243,9500,18,523.00000012,12,7,Male,Yes,Yes,17
4245,32001,52,889.0000002,14,48,Male,Yes,Yes,25
4246,8000,29,560.00000004,13,66,Female,Yes,Yes,27
4249,21500,48,793.0,12,80,Female,Yes,Yes,21
4256,16720,52,752.99999996,13,9,Female,Yes,No,26
4267,15000,45,889.0000002,14,64,Female,Yes,Yes,26
4292,29532,52,825.99999976,14,65,Female,Yes,Yes,30
4296,43000,52,1055.00000008,16,61,Female,No,Yes,22
4301,14500,3,570.99999996,12,25,Male,Yes,Yes,27
4310,5500,41,849.00000016,12,50,Female,Yes,Yes,21
4328,13300,52,1053.0,12,95,Male,Yes,No,27
4352,36000,0,734.00000024,16,63,Female,Yes,Yes,25
4354,0,3,13.999999987999999,15,66,Female,Yes,Yes,25
4356,54001,52,939.00000012,16,99,Female,Yes,Yes,28
4360,58800,52,862.00000016,16,46,Male,Yes,Yes,24
4361,35000,3,799.99999976,13,23,Male,Yes,Yes,22
4364,27000,52,947.99999996,13,25,Male,Yes,Yes,20
4365,25500,52,975.0,12,52,Male,No,Yes,16
4368,26300,45,663.0,12,44,Female,Yes,Yes,20
4387,51000,51,936.0,16,59,Male,Yes,Yes,26
4397,31500,52,778.99999996,12,16,Male,Yes,Yes,24
4412,19500,52,643.99999976,12,76,Male,Yes,Yes,27
4432,13500,34,809.00000012,12,40,Male,No,Yes,18
4439,0,3,555.99999988,14,66,Female,Yes,Yes,24
4469,14500,44,736.99999984,12,50,Female,Yes,Yes,21
4475,24593,3,730.0000000800002,13,99,Female,Yes,Yes,30
4488,48000,52,928.0000002,13,72,Female,Yes,Yes,28
4490,0,3,68.000000016,10,40,Female,Yes,Yes,29
4513,38000,47,916.99999976,14,72,Male,Yes,Yes,22
4534,18000,22,712.9999999199998,13,45,Female,Yes,Yes,22
4543,8500,14,330.99999998,12,18,Female,Yes,No,17
4544,1268,30,376.000000012,12,25,Female,Yes,Yes,16
4557,0,3,35.999999984,12,15,Female,Yes,Yes,15
4571,14000,44,940.00000016,13,60,Female,Yes,Yes,28
4572,31500,43,963.00000004,12,60,Male,Yes,Yes,20
4574,19500,3,485.000000004,12,25,Male,Yes,Yes,27
4578,0,3,146.000000016,12,53,Female,Yes,Yes,26
4583,7000,38,575.00000012,12,65,Male,Yes,Yes,18
4585,2500,26,498.000000004,9,75,Female,Yes,Yes,22
4586,29500,52,768.00000004,12,83,Male,Yes,Yes,20
4589,10500,30,635.99999996,12,18,Female,Yes,No,28
4592,57000,35,690.00000004,17,49,Female,Yes,Yes,29
4600,19500,52,838.00000024,12,55,Female,Yes,Yes,16
4602,21000,52,944.99999984,14,51,Female,Yes,Yes,21
4604,19600,52,607.99999988,12,57,Female,Yes,No,28
4742,27000,49,389.000000012,16,90,Female,Yes,Yes,19
4780,7500,36,903.99999976,12,30,Female,No,Yes,20
4784,20147,52,834.0000000800002,12,10,Female,No,Yes,17
4786,16500,47,694.0000002,12,1,Male,No,Yes,19
4788,30500,52,997.99999988,12,14,Male,No,Yes,20
4791,37500,52,1059.99999976,12,6,Male,No,Yes,26
4805,32000,45,986.99999996,15,89,Male,Yes,Yes,18
4808,35500,52,825.99999976,12,95,Male,No,Yes,16
4813,25500,52,787.9999998,14,50,Male,No,Yes,27
4828,59000,13,904.9999998,16,84,Male,Yes,Yes,22
4833,76700,52,885.00000004,17,72,Female,Yes,Yes,27
4838,0,3,78.999999988,9,61,Female,No,Yes,23
4839,13000,50,814.99999984,13,76,Female,No,Yes,22
4840,27000,41,526.99999976,15,90,Male,No,No,26
4841,32000,4,757.00000012,14,78,Female,No,No,20
4886,55500,52,769.0000000800002,18,78,Female,No,Yes,27
4894,46000,52,846.00000004,16,84,Male,Yes,Yes,23
4901,20500,41,963.00000004,11,99,Male,No,No,18
4903,20500,52,980.0000002,12,96,Male,No,No,18
4904,28500,52,881.9999999199998,12,99,Male,No,No,18
4905,500,3,515.000000008,8,93,Male,Yes,No,17
4906,0,3,72.00000002,12,97,Female,No,No,20
4923,6500,52,568.99999988,10,93,Male,Yes,No,20
4929,11500,52,1011.99999992,12,71,Female,Yes,Yes,23
4931,24000,52,773.00000024,14,9,Female,Yes,Yes,28
4932,22000,52,1019.0000002,12,99,Male,No,No,21
4933,15001,3,386.9999999840001,15,99,Female,No,No,27
4941,0,3,446.99999999199997,7,24,Male,No,No,17
4942,13198,52,747.00000024,12,51,Male,No,No,26
4950,500,28,230.99999998400003,9,5,Female,Yes,No,17
4953,14000,26,537.00000016,13,70,Female,Yes,Yes,29
4954,52000,52,853.99999984,18,64,Female,Yes,No,24
4955,23500,52,950.00000004,12,70,Female,Yes,Yes,30
4957,9040,49,706.00000016,10,22,Female,Yes,Yes,19
4962,19000,52,745.00000016,13,80,Female,Yes,Yes,23
4963,41501,52,1057.00000016,12,45,Male,Yes,Yes,26
4966,21500,52,981.99999976,12,78,Female,Yes,Yes,16
4967,32000,52,1023.99999988,13,65,Female,Yes,Yes,13
4968,40000,52,785.0000002,14,97,Female,Yes,Yes,18
4969,23500,52,994.99999976,12,15,Male,Yes,Yes,30
4970,37030,30,404.99999997599997,16,55,Female,Yes,Yes,30
4972,9000,43,502.999999996,13,24,Female,Yes,Yes,20
4973,0,3,173.00000000400001,15,24,Female,Yes,Yes,18
4975,66500,52,1011.99999992,18,80,Female,Yes,Yes,22
4978,0,3,139.999999984,12,20,Female,Yes,Yes,16
4979,23500,52,852.9999998,12,60,Male,Yes,Yes,26
5004,27000,12,719.00000016,16,35,Male,Yes,Yes,25
5013,32000,38,858.0,14,79,Male,Yes,Yes,25
5026,45000,48,1007.00000024,14,58,Female,Yes,Yes,20
5035,40000,52,1044.00000016,15,45,Female,Yes,Yes,21
5041,0,3,339.99999997599997,12,35,Female,Yes,No,20
5042,32000,45,1037.99999992,13,37,Female,Yes,Yes,27
5043,14400,52,742.00000004,13,20,Female,Yes,Yes,22
5062,27501,52,781.00000004,13,58,Female,Yes,No,22
5140,47000,52,1046.00000024,16,55,Female,No,Yes,23
5141,43501,52,1044.00000016,12,92,Male,No,Yes,25
5142,18500,52,1042.00000008,12,53,Female,Yes,Yes,20
5144,24500,52,869.99999996,12,66,Male,No,No,22
5145,14500,3,895.99999996,12,60,Male,No,No,28
5146,36500,52,994.00000024,12,15,Male,No,No,20
5147,47000,52,1022.99999984,12,95,Male,No,Yes,20
5149,27500,3,833.00000004,12,41,Male,Yes,Yes,24
5157,17500,20,722.9999998,14,36,Female,Yes,Yes,20
5166,64000,52,744.00000012,16,91,Male,Yes,Yes,25
5169,7800,6,593.99999984,14,57,Female,Yes,Yes,27
5178,20000,50,783.00000012,13,16,Male,Yes,Yes,25
5191,25300,52,966.00000016,14,46,Female,No,Yes,29
5192,14500,3,600.0000000800002,12,4,Male,Yes,Yes,19
5193,55500,52,991.00000012,16,72,Female,Yes,Yes,26
5206,30001,50,995.9999998,13,51,Male,No,Yes,26
5218,43500,52,1048.99999984,12,20,Male,Yes,No,21
5221,25872,52,1060.9999998,14,9,Male,No,Yes,30
5223,35500,52,1055.00000008,12,48,Male,Yes,No,30
5225,21501,51,995.9999998,12,62,Female,No,Yes,26
5228,62000,52,845.0,17,52,Female,Yes,Yes,22
5229,35000,52,1005.00000016,14,35,Male,No,No,20
5230,23500,11,988.0,12,14,Male,No,Yes,30
5231,21500,52,845.0,12,16,Female,No,Yes,19
5236,6501,19,651.00000004,12,90,Female,No,Yes,27
5243,42000,48,774.9999998,14,41,Male,Yes,Yes,24
5244,54000,52,851.00000024,16,41,Male,Yes,Yes,26
5246,24000,52,748.9999998,15,58,Female,Yes,Yes,21
5247,13500,33,993.0000002,12,68,Female,No,No,27
5251,20123,52,977.00000008,12,7,Male,No,Yes,19
5255,12500,3,799.99999976,12,59,Female,No,Yes,21
5257,21500,34,907.99999992,12,12,Male,No,Yes,24
5259,14000,52,1012.99999996,13,5,Female,No,Yes,25
5261,25500,52,721.99999976,12,26,Female,Yes,Yes,20
5262,17500,52,1010.99999988,12,37,Female,Yes,Yes,21
5263,37000,43,1017.00000012,14,47,Male,No,No,27
5285,5500,20,329.999999992,12,70,Female,Yes,Yes,18
5293,25500,48,875.00000016,12,89,Female,No,Yes,18
5294,25500,47,760.00000024,12,20,Female,Yes,Yes,24
5314,0,3,469.99999997599997,14,60,Female,Yes,Yes,25
5321,3501,22,747.00000024,12,75,Male,No,Yes,27
5323,19500,21,620.99999988,10,87,Male,Yes,No,26
5347,28600,52,1048.99999984,14,90,Male,No,Yes,25
5349,2171,52,619.99999984,13,48,Female,No,Yes,18
5350,22000,52,968.99999976,14,34,Male,Yes,Yes,19
5351,36000,41,910.0,16,73,Female,Yes,Yes,22
5366,23500,52,1003.00000008,12,94,Male,No,Yes,25
5410,39000,52,742.00000004,16,61,Male,No,Yes,19
5420,72000,52,1057.00000016,16,89,Male,No,No,27
5431,8501,52,999.99999996,12,79,Male,No,Yes,23
5442,13000,3,280.00000002,15,47,Female,Yes,No,25
5444,8860,52,630.00000024,8,3,Male,No,No,20
5445,28000,52,603.0000002,14,49,Female,No,Yes,20
5447,17500,52,773.99999976,8,58,Male,No,Yes,21
5453,36000,52,928.0000002,13,48,Female,No,Yes,29
5454,9500,24,591.00000024,12,36,Female,No,No,21
5467,0,3,138.000000008,12,6,Female,Yes,Yes,19
5470,19500,52,799.00000024,12,20,Male,Yes,No,19
5474,49000,52,789.99999988,16,71,Female,Yes,Yes,19
5477,13500,36,769.0000000800002,12,43,Female,Yes,Yes,25
5481,58000,52,755.00000004,17,97,Female,Yes,Yes,30
5495,38500,52,1057.00000016,12,40,Male,No,No,30
5498,7500,43,894.9999999199998,9,47,Female,No,Yes,17
5505,11500,52,1006.0000002,12,29,Female,No,No,20
5506,5500,3,787.9999998,12,50,Female,No,No,15
5509,18500,46,743.0000000800002,12,7,Female,No,No,19
5514,9500,7,299.999999988,12,60,Male,Yes,No,23
5515,13000,52,868.9999999199998,14,81,Female,No,Yes,24
5516,11500,52,856.99999996,12,20,Male,Yes,Yes,24
5518,7668,5,617.00000024,12,14,Female,No,Yes,18
5519,6500,3,700.99999996,8,13,Male,No,No,20
5521,14216,49,1014.0,12,60,Male,No,No,24
5527,6500,21,877.99999976,9,7,Male,No,No,16
5528,18501,52,908.99999996,12,23,Female,Yes,Yes,19
5535,20500,47,704.0000000800002,8,6,Male,No,No,19
5537,6400,3,389.000000012,12,9,Female,No,No,18
5538,12700,46,788.99999984,12,35,Male,No,No,20
5544,0,3,788.99999984,12,50,Female,Yes,Yes,25
5545,16500,52,1059.99999976,12,70,Male,No,Yes,23
5548,7500,3,534.00000004,14,47,Female,Yes,Yes,24
5552,18500,50,986.99999996,9,54,Male,No,No,17
5558,25500,52,877.99999976,12,8,Male,Yes,No,18
5561,500,17,450.999999996,12,4,Female,Yes,No,28
5568,20000,52,912.00000008,14,60,Female,Yes,Yes,25
5576,17500,52,778.99999996,12,35,Female,Yes,No,20
5578,11500,14,744.00000012,12,17,Female,Yes,Yes,25
5580,27500,52,807.00000004,12,10,Male,Yes,No,25
5583,10500,52,826.9999998,12,11,Female,Yes,No,23
5585,23501,52,934.99999996,12,21,Male,Yes,Yes,19
5591,58500,52,812.00000024,16,62,Female,Yes,No,23
5600,28500,52,836.00000016,12,58,Female,Yes,Yes,23
5637,36500,52,912.00000008,12,14,Male,No,Yes,25
5655,71000,51,897.0,17,85,Male,Yes,Yes,20
5656,10000,52,888.00000016,14,49,Female,No,Yes,20
5661,0,3,518.000000024,15,53,Female,No,Yes,22
5691,11500,21,837.0000002,11,18,Male,No,Yes,19
5698,30000,52,1032.0000002,13,20,Male,Yes,Yes,27
5708,27263,52,972.99999992,14,95,Female,Yes,Yes,23
5712,8950,27,807.00000004,12,73,Female,Yes,No,22
5726,42000,52,862.00000016,13,22,Male,Yes,No,22
5743,13500,42,907.99999992,13,79,Female,Yes,Yes,15
5754,9500,50,1025.99999996,12,23,Male,Yes,Yes,17
5755,22500,52,1055.00000008,12,10,Male,Yes,Yes,19
5758,42000,52,936.0,15,72,Female,Yes,Yes,22
5763,22000,52,981.99999976,13,98,Female,Yes,Yes,22
5773,0,3,115.000000024,10,44,Female,Yes,No,13
5782,0,3,65.999999988,12,44,Female,Yes,Yes,23
5806,16500,3,751.9999999199998,9,4,Female,Yes,Yes,19
5824,22500,52,895.99999996,12,86,Male,Yes,Yes,18
5827,15000,45,619.99999984,14,3,Female,Yes,Yes,22
5828,15500,52,1031.00000016,12,29,Female,Yes,Yes,26
5835,12500,49,947.99999996,12,97,Female,Yes,Yes,25
5853,13000,3,695.99999976,14,65,Female,Yes,Yes,24
5856,49000,2,921.99999996,16,68,Female,Yes,Yes,19
5875,15500,52,939.00000012,12,6,Male,Yes,Yes,17
5882,9500,44,915.0000002,12,1,Male,Yes,No,18
5883,0,3,17.000000004,12,7,Female,Yes,No,26
5886,25500,52,1035.99999984,12,2,Male,Yes,No,22
5906,8500,3,325.999999988,10,9,Female,Yes,Yes,15
5915,35500,52,994.99999976,12,20,Male,Yes,No,25
5932,6500,3,455.999999988,12,10,Female,Yes,Yes,25
5949,18500,31,894.9999999199998,12,85,Male,Yes,Yes,28
6022,22232,52,668.0000002,12,38,Female,Yes,Yes,28
6023,23000,52,754.0,13,79,Female,Yes,No,29
6028,18000,28,641.00000016,15,84,Female,Yes,Yes,19
6029,8500,43,902.0000002,12,50,Male,Yes,No,22
6035,0,3,406.000000016,8,5,Male,Yes,No,17
6036,38000,44,619.99999984,16,12,Female,Yes,No,24
6063,22000,42,943.9999998,13,60,Female,Yes,Yes,25
6066,0,32,540.9999998,12,17,Female,Yes,Yes,26
6140,24500,27,799.99999976,12,36,Male,Yes,Yes,21
6170,29500,44,865.9999998,12,11,Male,Yes,Yes,21
6171,48000,13,827.99999984,16,4,Female,Yes,No,29
6172,48000,52,678.0000000800002,19,13,Female,Yes,Yes,29
6179,8500,3,757.00000012,12,2,Female,Yes,Yes,25
6181,2982,15,416.999999988,11,7,Female,Yes,Yes,23
6182,82000,52,890.99999976,17,54,Male,Yes,No,19
6185,49000,52,1050.99999992,15,54,Female,Yes,Yes,23
6193,43500,52,997.99999988,12,26,Male,Yes,Yes,27
6197,0,3,604.00000024,12,5,Female,Yes,No,17
6198,9000,3,144.999999976,14,29,Male,Yes,Yes,16
6202,17000,50,1003.00000008,14,4,Female,Yes,Yes,25
6218,19000,18,743.0000000800002,14,26,Male,Yes,Yes,20
6221,500,23,202.00000002,12,3,Female,Yes,No,26
6237,42000,50,556.9999999199998,16,30,Female,Yes,Yes,22
6254,17500,52,672.99999988,12,43,Male,Yes,Yes,20
6255,44000,0,651.00000004,19,67,Female,Yes,Yes,28
6334,46000,52,911.00000004,16,20,Female,Yes,No,20
6335,25000,52,627.00000012,16,95,Female,Yes,No,21
6339,28500,38,914.00000016,12,31,Female,Yes,Yes,30
6343,0,8,391.99999997599997,12,58,Female,Yes,No,23
6344,0,3,280.00000002,12,10,Female,Yes,No,19
6345,0,3,164.00000000799997,12,11,Female,Yes,No,20
6361,13501,52,963.00000004,12,2,Male,Yes,No,19
6362,0,3,260.999999988,12,3,Female,Yes,No,18
6363,12500,52,526.00000024,12,64,Female,Yes,No,22
6364,0,3,78.999999988,12,2,Female,Yes,No,20
6367,60000,52,903.99999976,16,38,Female,Yes,Yes,30
6373,15000,52,669.99999976,13,8,Female,No,Yes,20
6376,0,3,16.000000015999998,12,1,Female,No,No,24
6379,27000,39,669.99999976,16,22,Female,Yes,No,21
6380,18500,52,1023.99999988,12,37,Female,No,Yes,21
6385,11500,52,645.99999984,12,13,Female,No,Yes,26
6393,1500,37,479.00000002400003,12,32,Female,No,No,20
6401,13400,39,600.0000000800002,12,32,Male,Yes,No,29
6405,5450,52,680.00000016,12,22,Female,No,No,18
6406,25000,33,838.00000024,13,2,Male,No,No,24
6408,1500,3,355.99999999199997,12,2,Female,No,No,23
6412,5500,52,786.00000024,12,3,Female,No,No,23
6415,13500,3,429.0,12,17,Male,No,No,17
6417,16500,52,687.99999996,12,6,Female,Yes,No,19
6419,13500,15,557.99999996,12,6,Male,No,No,16
6421,18500,52,833.00000004,12,3,Male,Yes,No,19
6428,0,3,73.000000008,12,4,Female,No,No,22
6429,0,3,229.99999999599999,12,6,Female,No,No,22
6453,8500,31,468.0,12,32,Male,Yes,No,19
6454,31500,52,950.00000004,12,26,Male,No,No,20
6457,0,3,255.99999999599999,13,18,Female,No,Yes,26
6459,35000,39,788.99999984,16,76,Female,Yes,Yes,21
6467,21500,21,817.99999996,12,9,Male,Yes,No,23
6469,67000,52,1070.00000016,16,26,Male,Yes,Yes,30
6486,18500,52,742.00000004,11,14,Female,Yes,Yes,21
6594,13500,28,552.00000024,12,2,Male,No,No,16
6760,9500,34,643.00000024,12,17,Male,Yes,No,17
6848,46000,0,523.00000012,20,75,Female,Yes,Yes,24
6885,1000,3,388.00000002400003,12,80,Female,Yes,Yes,18
6887,39000,52,1033.99999976,13,14,Female,Yes,Yes,24
6893,21500,52,982.9999998,12,82,Female,Yes,Yes,19
6895,37500,52,889.0000002,14,98,Female,Yes,Yes,16
6972,12500,21,567.99999984,12,16,Male,Yes,Yes,22
6988,22000,52,850.0000002,15,24,Male,Yes,No,23
6991,18000,52,981.99999976,12,8,Male,Yes,No,25
7005,16500,52,1027.0,12,2,Female,Yes,Yes,18
7067,10500,52,637.0,12,99,Female,Yes,Yes,26
7092,48000,38,748.9999998,17,69,Female,Yes,Yes,27
7145,27500,51,814.99999984,12,53,Male,Yes,Yes,20
7151,25500,52,1033.00000024,12,84,Male,Yes,Yes,28
7161,15500,52,595.9999999199998,12,32,Male,Yes,Yes,17
7162,23500,52,994.00000024,12,77,Male,Yes,Yes,18
7163,17000,3,336.00000002400003,13,99,Female,Yes,Yes,28
7166,61000,52,652.0000000800002,20,57,Female,Yes,Yes,23
7171,0,3,167.000000024,10,26,Female,Yes,Yes,18
7181,9738,52,552.00000024,12,41,Female,Yes,Yes,19
7184,5482,3,440.00000002400003,12,99,Female,Yes,Yes,26
7190,31000,0,633.99999988,16,99,Male,Yes,Yes,28
7191,0,3,159.000000016,12,99,Male,Yes,Yes,27
7192,16000,37,617.99999976,13,31,Female,Yes,Yes,27
7217,0,3,44.99999998,10,7,Female,Yes,Yes,20
7271,76500,52,1054.00000004,20,42,Female,Yes,Yes,27
7273,25000,43,838.99999976,15,59,Male,Yes,Yes,27
7275,10500,3,350.000000012,12,14,Female,Yes,Yes,20
7276,23000,3,589.00000016,14,11,Female,Yes,Yes,28
7277,15500,3,524.00000016,12,27,Male,Yes,Yes,21
7278,0,3,447.99999998,12,25,Female,Yes,Yes,23
7279,10000,51,1007.00000024,12,20,Male,Yes,Yes,27
7280,19500,52,754.0,12,22,Male,Yes,Yes,25
7281,9000,29,825.00000024,12,11,Male,Yes,Yes,17
7282,0,3,13.0,12,11,Female,Yes,Yes,21
7283,0,3,0.0,12,13,Female,Yes,Yes,19
7294,7500,4,453.00000002400003,12,35,Male,Yes,Yes,26
7297,42000,52,934.99999996,15,4,Male,Yes,No,20
7300,7500,49,778.99999996,12,6,Female,Yes,Yes,27
7301,23500,52,848.00000012,12,4,Male,Yes,Yes,25
7304,17500,34,898.00000004,13,10,Female,Yes,Yes,24
7319,13501,52,640.00000012,12,14,Male,Yes,No,25
7320,25500,52,784.00000016,12,1,Male,Yes,Yes,20
7369,71500,52,939.00000012,17,86,Male,Yes,Yes,20
7386,15000,7,716.00000004,15,68,Male,Yes,Yes,26
7401,28500,52,913.00000012,12,58,Male,Yes,Yes,15
7404,8500,3,724.99999988,12,1,Male,Yes,Yes,29
7410,49448,52,1057.00000016,13,39,Female,Yes,Yes,30
7411,18500,52,993.0000002,12,89,Male,Yes,Yes,20
7412,20000,46,823.00000016,14,69,Male,Yes,No,23
7432,34500,44,812.00000024,12,31,Female,Yes,Yes,22
7433,0,3,86.00000000799999,13,19,Female,Yes,No,30
7437,35200,52,854.99999988,15,71,Female,Yes,Yes,30
7438,11500,30,794.00000004,12,34,Female,Yes,Yes,24
7439,39500,52,949.0,12,46,Female,Yes,No,26
7459,0,3,116.000000012,9,39,Female,Yes,No,21
7463,3500,52,552.99999976,12,67,Male,Yes,Yes,19
7469,29500,52,847.0000000800002,12,89,Male,Yes,Yes,18
7472,46000,52,1071.0000002,13,55,Male,Yes,Yes,20
7486,17500,52,576.00000016,12,24,Male,Yes,Yes,27
7498,44000,0,783.00000012,16,99,Female,Yes,Yes,24
7499,0,3,34.999999996,10,93,Male,Yes,Yes,17
7500,6000,3,436.00000002,12,96,Female,Yes,Yes,20
7501,7500,3,212.00000000400001,12,41,Female,Yes,Yes,17
7502,13500,3,531.99999996,12,27,Male,Yes,Yes,18
7503,0,3,330.99999998,12,92,Female,Yes,Yes,26
7504,500,52,390.999999988,12,89,Female,Yes,Yes,21
7505,2000,3,423.00000002,12,97,Male,Yes,No,25
7509,20500,52,1047.9999998,11,10,Male,Yes,No,20
7514,24600,52,781.00000004,14,69,Female,Yes,No,29
7515,27400,52,867.99999988,14,52,Female,Yes,No,29
7516,21000,52,876.0000002,15,20,Male,Yes,No,22
7518,0,3,24.000000024000002,11,2,Female,Yes,No,23
7521,23500,52,967.0000002,12,93,Male,Yes,Yes,25
7522,19500,11,489.999999996,12,35,Male,Yes,Yes,24
7525,12500,52,830.99999996,12,99,Female,Yes,Yes,21
7527,61000,52,695.00000024,20,99,Female,Yes,Yes,28
7575,31000,41,940.00000016,14,66,Female,Yes,Yes,30
7598,45700,52,905.99999984,15,62,Female,Yes,Yes,24
7599,37500,52,821.0000000800002,12,16,Male,Yes,Yes,20
7634,0,3,320.0000000080001,12,14,Male,Yes,No,20
7636,2500,3,476.00000000800003,12,23,Female,Yes,No,16
7643,0,3,0.0,12,69,Male,Yes,No,23
7646,0,3,217.99999998400003,9,7,Female,Yes,No,19
7652,26000,52,592.9999998,14,43,Female,Yes,Yes,24
7668,45200,45,427.00000002400003,18,14,Male,Yes,Yes,17
7753,59001,52,880.99999988,16,90,Male,Yes,No,29
7760,60000,52,929.99999976,18,80,Female,Yes,Yes,25
7774,43000,27,976.00000004,15,16,Female,Yes,Yes,26
7794,17500,12,892.99999984,14,14,Female,Yes,Yes,18
7796,12500,52,867.99999988,12,12,Female,Yes,Yes,19
7798,0,3,381.99999999199997,12,34,Female,Yes,No,23
7804,0,3,628.00000016,12,38,Female,Yes,Yes,20
7809,19500,52,1045.0000002,12,4,Female,Yes,No,20
7814,52001,52,1009.99999984,13,54,Female,Yes,Yes,25
7817,0,3,588.00000012,12,31,Male,Yes,Yes,20
7833,40000,52,748.9999998,14,55,Female,Yes,Yes,21
7856,0,3,780.0,12,1,Female,Yes,No,18
7872,26500,52,983.99999984,12,17,Male,Yes,No,23
8005,13500,38,859.00000004,12,8,Male,Yes,Yes,19
8006,13500,3,820.00000004,12,35,Female,Yes,Yes,18
8043,33500,52,929.99999976,12,59,Male,Yes,Yes,24
8044,9600,19,381.99999999199997,14,79,Female,Yes,Yes,17
8098,0,3,497.000000016,15,16,Male,Yes,Yes,19
8104,30000,3,794.00000004,14,70,Male,Yes,Yes,27
8110,31000,52,1035.99999984,14,10,Female,No,Yes,23
8142,36000,52,1056.00000012,14,35,Male,Yes,No,20
8149,23500,50,982.9999998,14,98,Female,Yes,Yes,26
8150,46000,26,656.99999976,20,87,Female,Yes,Yes,23
8159,26500,52,982.9999998,12,82,Male,Yes,Yes,21
8160,28619,52,869.99999996,12,99,Female,Yes,Yes,17
8238,43000,52,916.99999976,14,36,Male,Yes,Yes,23
8239,36000,52,710.99999984,13,46,Male,Yes,Yes,25
8314,19500,52,849.00000016,12,9,Male,Yes,No,23
8315,17500,52,989.00000004,12,1,Female,Yes,No,23
8318,47000,52,918.99999984,14,26,Male,Yes,Yes,20
8356,1500,39,773.99999976,12,37,Male,Yes,Yes,17
8368,23000,52,1020.00000024,13,68,Male,No,Yes,19
8374,12000,52,482.99999997599997,13,61,Female,No,Yes,21
8381,28500,48,992.00000016,12,55,Male,Yes,Yes,22
8385,5501,3,527.9999998,10,25,Female,Yes,Yes,25
8391,33736,52,1012.99999996,12,1,Female,Yes,No,18
8392,31000,52,890.99999976,15,54,Male,Yes,Yes,28
8393,10000,44,480.000000012,12,28,Female,Yes,Yes,20
8395,9000,0,65.0,16,26,Female,Yes,Yes,20
8399,30000,52,853.99999984,16,5,Female,Yes,No,25
8428,23900,3,708.00000024,15,37,Female,No,No,17
8431,40000,52,891.9999998,15,50,Female,Yes,Yes,29
8432,19000,52,642.0000002,13,3,Female,Yes,Yes,20
8433,18500,46,864.00000024,12,18,Male,No,No,19
8463,55500,48,717.0000000800002,16,45,Female,Yes,Yes,26
8468,43500,52,1007.99999976,12,65,Male,Yes,Yes,21
8479,0,3,589.00000016,12,17,Female,Yes,No,20
8492,15000,52,812.00000024,14,37,Female,Yes,No,23
8493,21500,52,912.00000008,12,8,Female,Yes,No,22
8503,3500,19,196.999999976,12,3,Female,Yes,No,18
8532,10500,52,851.99999976,12,2,Female,Yes,Yes,19
8536,3500,34,657.9999998,12,4,Male,Yes,Yes,28
8539,7500,25,998.99999992,12,1,Female,Yes,Yes,23
8540,35500,52,865.9999998,12,15,Female,Yes,Yes,27
8553,40000,49,996.99999984,14,7,Female,Yes,Yes,25
8570,0,3,177.99999999599999,12,1,Female,Yes,No,19
8582,19500,52,798.0000002,12,11,Male,Yes,No,15
8588,42500,52,820.00000004,13,25,Male,Yes,Yes,29
8602,26500,52,803.9999999199998,12,85,Male,Yes,No,20
8603,17500,52,746.0000002,12,99,Female,Yes,No,18
8604,27500,52,799.99999976,12,80,Male,Yes,No,23
8608,0,3,177.99999999599999,12,96,Female,No,No,28
8628,6500,52,773.99999976,12,2,Male,No,Yes,23
8678,11500,29,815.99999988,12,2,Male,No,Yes,21
8726,16500,52,600.0000000800002,12,20,Male,No,No,19
8727,26500,52,747.99999976,12,10,Male,Yes,No,19
8740,17280,52,939.00000012,13,45,Male,No,Yes,19
8790,23500,51,719.00000016,12,13,Male,Yes,Yes,29
8792,22000,52,892.99999984,13,74,Male,Yes,Yes,17
8793,32000,39,710.99999984,13,26,Male,Yes,Yes,18
8861,53000,45,611.0,17,41,Female,Yes,Yes,29
8872,16500,51,769.0000000800002,12,76,Male,Yes,No,18
8878,20000,46,774.9999998,15,86,Female,Yes,No,25
8882,1500,3,453.00000002400003,12,57,Male,Yes,Yes,22
8932,21500,52,799.00000024,12,12,Female,Yes,No,23
8934,13500,52,931.99999984,12,10,Female,Yes,Yes,26
8936,7500,39,759.0000002,12,22,Male,Yes,No,23
8937,6000,3,282.99999998400006,14,50,Male,Yes,Yes,19
8938,36000,52,830.99999996,14,2,Female,Yes,Yes,22
8939,20000,52,806.0,15,20,Female,Yes,No,23
8940,11000,41,697.99999984,14,12,Female,Yes,Yes,20
8952,34900,52,1007.99999976,13,41,Male,Yes,No,26
8963,18500,45,851.00000024,12,82,Male,Yes,No,30
8981,41000,52,770.00000012,16,73,Female,Yes,Yes,25
8987,0,3,286.0,12,85,Male,Yes,Yes,22
8994,27000,52,730.0000000800002,14,40,Male,Yes,Yes,24
9031,26500,52,997.99999988,12,1,Male,Yes,Yes,20
9038,0,23,251.00000000400001,12,2,Female,Yes,Yes,20
9066,35500,45,950.00000004,12,1,Male,Yes,No,29
9070,11500,52,674.99999996,12,22,Female,No,Yes,17
9072,11500,50,824.0000002,12,8,Male,No,No,21
9077,0,3,363.000000012,12,12,Male,No,No,19
9079,5980,3,678.0000000800002,12,1,Male,No,No,20
9081,5500,30,527.9999998,12,1,Female,No,No,13
9092,15050,52,677.00000004,14,47,Female,No,Yes,17
9097,38000,44,770.00000012,15,16,Male,Yes,No,17
9099,68000,49,851.99999976,17,41,Male,Yes,Yes,23
9166,32500,52,798.0000002,12,14,Male,Yes,No,22
9188,9500,52,957.99999984,12,2,Female,Yes,Yes,19
9189,13100,52,921.99999996,12,58,Male,No,No,18
9191,27500,46,813.9999998,12,21,Male,No,No,26
9201,0,3,3.0000000160000004,12,35,Female,No,Yes,18
9204,37000,39,846.00000004,13,55,Male,Yes,No,26
9282,5500,3,871.0,11,10,Male,Yes,No,20
9419,57000,52,951.00000008,16,90,Male,Yes,Yes,26
9521,13510,3,165.999999984,12,43,Female,Yes,Yes,30
9523,7800,3,424.999999996,15,84,Female,Yes,Yes,28
9570,38500,52,982.9999998,12,10,Male,Yes,Yes,17
9578,19000,3,388.00000002400003,13,43,Female,Yes,Yes,25
9579,17500,52,1047.9999998,12,40,Female,Yes,No,25
9628,10500,33,944.99999984,11,2,Male,Yes,Yes,20
9659,28000,52,978.00000012,14,20,Female,Yes,No,21
9662,44000,52,826.9999998,15,30,Female,Yes,Yes,30
9675,18000,52,690.00000004,13,50,Female,Yes,No,20
9771,22900,52,991.00000012,12,45,Male,Yes,Yes,20
9777,28000,52,867.99999988,14,54,Male,Yes,Yes,20
9839,15000,31,691.0000000800002,13,28,Female,Yes,Yes,19
9840,19000,12,395.99999998,15,49,Female,Yes,Yes,24
9855,39000,24,822.00000012,14,50,Female,Yes,Yes,20
9896,73000,48,1023.99999988,17,88,Female,Yes,Yes,27
9897,59000,37,932.99999988,16,89,Female,Yes,Yes,25
9922,1500,3,391.99999997599997,12,88,Female,Yes,Yes,22
10057,7501,3,742.00000004,12,97,Male,No,Yes,20
10061,3500,3,735.9999998,12,16,Male,No,Yes,18
10075,8500,48,686.9999999199998,12,13,Male,Yes,No,16
10077,17500,39,799.99999976,12,12,Female,Yes,No,24
10113,0,3,247.0,9,36,Female,Yes,No,17
10123,73000,52,1001.0,18,97,Male,Yes,Yes,23
10126,58000,52,849.00000016,16,5,Male,Yes,Yes,25
10133,10300,50,712.9999999199998,12,20,Male,Yes,Yes,23
10135,5500,42,476.999999996,12,5,Female,Yes,No,28
10137,32000,52,654.00000016,16,10,Male,Yes,Yes,22
10138,17000,52,1023.99999988,14,3,Female,Yes,Yes,20
10151,8500,52,566.9999998,10,16,Female,Yes,No,18
10153,21000,0,190.000000008,16,82,Female,Yes,Yes,22
10158,40000,52,751.9999999199998,15,7,Male,Yes,No,23
10167,26500,52,1056.00000012,12,10,Male,Yes,No,18
10169,22500,41,615.00000016,12,21,Male,Yes,No,19
10172,27500,52,827.99999984,12,12,Male,Yes,No,20
10229,18000,27,897.0,14,56,Female,No,Yes,23
10234,8500,20,666.00000012,12,18,Female,Yes,Yes,14
10235,34500,11,711.99999988,12,62,Male,Yes,Yes,23
10239,12500,3,498.000000004,12,11,Male,Yes,Yes,26
10308,48000,52,695.99999976,18,16,Female,Yes,No,18
10310,25000,36,773.00000024,15,39,Female,Yes,Yes,20
10312,8000,3,498.99999999199997,15,38,Female,Yes,Yes,27
10335,17000,52,788.99999984,15,46,Female,Yes,No,20
10336,8500,44,858.0,12,20,Female,Yes,No,19
10338,15500,52,921.99999996,12,12,Male,No,No,17
10339,30500,52,768.00000004,12,56,Male,No,No,23
10340,15500,52,825.99999976,12,4,Female,No,Yes,20
10438,28000,52,816.9999999199998,13,61,Male,Yes,Yes,25
10439,3500,3,135.99999997999998,12,31,Male,Yes,Yes,14
10443,13500,52,853.99999984,11,32,Female,Yes,No,20
10468,36000,52,852.9999998,15,40,Female,Yes,Yes,21
10549,27500,0,579.9999998,16,43,Female,Yes,Yes,25
10551,15000,51,798.0000002,15,26,Female,Yes,Yes,19
10552,27500,13,863.0000002,12,33,Male,Yes,Yes,19
10561,68001,43,773.99999976,17,70,Male,Yes,Yes,20
10566,24501,51,926.00000012,9,5,Male,Yes,No,17
10580,17500,3,738.9999999199998,12,37,Male,Yes,No,18
10581,31000,50,757.00000012,13,50,Female,Yes,Yes,18
10584,34500,52,861.00000012,12,26,Male,Yes,Yes,24
10585,22000,49,751.9999999199998,14,33,Male,Yes,Yes,20
11781,49000,52,672.99999988,16,40,Female,Yes,Yes,16
11786,38500,47,874.00000012,12,15,Female,Yes,Yes,28
11789,10500,52,849.00000016,12,93,Female,Yes,No,18
11792,8800,37,668.0000002,12,55,Female,Yes,Yes,16
11798,1600,3,165.999999984,15,58,Female,Yes,Yes,28
11807,34500,46,849.00000016,12,48,Female,Yes,Yes,19
11808,17100,3,823.00000016,12,40,Female,Yes,Yes,26
11809,49000,50,968.99999976,16,45,Male,Yes,Yes,21
11822,38500,52,887.00000012,12,60,Male,Yes,Yes,22
11825,30500,3,679.00000012,12,35,Male,Yes,Yes,20
11835,44000,52,955.99999976,16,51,Female,Yes,Yes,20
11864,17500,49,822.00000012,12,14,Male,Yes,No,17
11872,24000,52,377.999999988,14,95,Male,No,Yes,27
11881,30000,27,605.9999998,15,94,Female,Yes,Yes,24
11889,54000,52,828.99999988,17,82,Male,No,Yes,20
11898,41000,0,739.99999996,16,83,Female,Yes,Yes,26
11909,0,3,466.00000002400003,12,87,Female,No,Yes,23
11914,23500,52,897.0,10,56,Male,Yes,No,12
11915,0,3,562.00000012,14,35,Female,Yes,Yes,27
11922,69000,52,981.99999976,16,68,Female,Yes,No,30
11930,0,16,308.99999998400006,12,20,Female,Yes,Yes,18
11932,6000,3,352.99999997599997,14,10,Female,Yes,Yes,22
11933,3900,3,450.00000000800003,12,2,Female,Yes,Yes,21
11937,58000,52,833.00000004,20,26,Male,Yes,Yes,24
11941,30000,33,521.00000004,13,98,Male,Yes,Yes,21
11942,26500,52,521.00000004,12,52,Male,Yes,No,21
11949,13500,52,811.0000002,12,28,Female,Yes,No,20
11955,5000,3,514.00000002,14,70,Female,Yes,Yes,25
11970,0,3,144.999999976,12,56,Female,Yes,Yes,20
12000,20800,52,1067.00000004,12,69,Female,Yes,Yes,29
12003,10500,3,507.0,14,71,Female,Yes,Yes,22
12004,8000,14,668.0000002,14,40,Female,Yes,No,18
12017,0,3,95.000000004,12,66,Female,Yes,Yes,14
12021,42001,52,902.0000002,14,92,Female,Yes,Yes,21
12027,10500,52,1001.0,12,98,Female,Yes,Yes,12
12028,14001,42,968.00000024,14,69,Female,Yes,Yes,17
12042,13050,38,955.00000024,12,47,Female,Yes,Yes,26
12055,26500,51,1038.99999996,12,62,Male,Yes,Yes,27
12091,6000,52,848.00000012,9,2,Male,Yes,Yes,27
12094,0,3,407.99999999199997,12,25,Female,Yes,Yes,22
12097,33500,52,979.00000016,12,49,Female,Yes,No,18
12100,38500,52,927.00000016,12,64,Male,Yes,Yes,21
12107,18500,52,1025.99999996,12,34,Male,No,Yes,23
12108,15747,52,846.00000004,14,10,Female,No,Yes,26
12158,25500,43,925.00000008,12,20,Male,Yes,No,18
12196,18500,52,774.9999998,12,5,Male,Yes,Yes,17
12220,25500,44,1022.99999984,12,43,Male,No,No,19
12241,9500,52,1041.00000004,12,3,Female,Yes,No,19
12269,39900,52,920.99999992,13,28,Female,Yes,Yes,25
12300,28500,52,1079.0,9,6,Male,Yes,No,24
12303,14500,52,864.99999976,12,99,Female,No,No,23
